ID,NOM_CURT_ACTE,NOM_ACTE,ID_EQUIPAMENT,SIGLA,CARRER,NRO,BIS,CODI_POSTAL,CIUTAT,X,Y,TELEFON,EMAIL,DATA_HORA_INICI_ACTE,DATA_HORA_FINAL_ACTE,TIPUS_ACTE,ESTAT,PREU
286,Vintagefest,"<p>M&eacute,s de 150 parades per trobar objectes &uacute,nics (mobles, llibres, discs, curiositats, antiguitats i articles de segona m&agrave,)<br /> &nbsp,</p> ",7633,AV   ,RIUS I TAULET,120,,8173,Sant Cugat del Vallès,,,936 744 950,,06/04/2014 9:00:00,,Fires i mercats,1,
288,Vintagefest,"<p>M&eacute,s de 150 parades per trobar objectes &uacute,nics (mobles, llibres, discs, curiositats, antiguitats i articles de segona m&agrave,)<br /> &nbsp,</p> ",7633,AV   ,RIUS I TAULET,120,,8173,Sant Cugat del Vallès,,,936 744 950,,01/06/2014 9:00:00,,Fires i mercats,1,
289,Vintagefest,"<p>M&eacute,s de 150 parades per trobar objectes &uacute,nics (mobles, llibres, discs, curiositats, antiguitats i articles de segona m&agrave,)<br /> &nbsp,</p> ",7633,AV   ,RIUS I TAULET,120,,8173,Sant Cugat del Vallès,,,936 744 950,,06/07/2014 9:00:00,,Fires i mercats,1,
704,Conferència.  Fora de l euro? Impossible ,"<p>A c&agrave,rrec de Miquel Puig, exprofessor titular de Teoria Econ&ograve,mica de la UB. Dins el cicle &quot,Vers un pa&iacute,s normal&quot,.</p> ",2875,AV   ,PLA DEL VINYET,81,,8172,Sant Cugat del Vallès,,,935 441 965,secretaria-torreblanca@santcugat.cat,10/04/2014 19:30:00,,Conferències i jornades,1,
905,Teatre.  Los hijos de Kennedy ,"<p>De Robert Patrick. Espectacle en castell&agrave,. Direcci&oacute,: Josep Maria Pou. Int&egrave,rprets: Fernando Cayo, Alex Garc&iacute,a, Ariadna Gil, Emma Su&aacute,rez, Maribel Verd&uacute,. L&#39,obra posa sobre l&#39,escenari cinc arquetips de la s",1439,PL   ,VICTORIA DELS ANGELS,1,,8172,Sant Cugat del Vallès,,,935 907 690 ,,25/04/2014 21:00:00,,Teatre i dansa,1,26
906,Teatre.  Iaia!!! ,"<p>De Roger Pe&ntilde,a.&nbsp,Autor i director: Roger Pe&ntilde,a. Int&egrave,rprets: Montserrat Carulla, Vicky Luengo, Aleix Pe&ntilde,a Miralles. Per si sola ja tindria ganxo, la hist&ograve,ria d&#39,una iaia perepunyetes que boicoteja la vida sentimen",1439,PL   ,VICTORIA DELS ANGELS,1,,8172,Sant Cugat del Vallès,,,935 907 690 ,,31/05/2014 18:00:00,,Teatre i dansa,1,26
908,Màgia. Els Amics del Mag Lari 3,"<p>A la Sala Escenari. Espectacle + sopar: Intermedi amb un refrigeri al vest&iacute,bul. M&agrave,gia de prop. Per compartir uns moments de proximitat i molt m&agrave,gics a l&#39,escenari del Teatre-Auditori en companyia del Mag Lari (m&eacute,s a prop ",1439,PL   ,VICTORIA DELS ANGELS,1,,8172,Sant Cugat del Vallès,,,935 907 690 ,,04/04/2014 21:00:00,,Teatre i dansa,1,30
909,Màgia. Els Amics del Mag Lari 3,"<p>M&agrave,gia de gran format. Per gaudir d&rsquo,un espectacle de gran format en qu&egrave, el Mag Lari, en companyia dels seus amics convidats, ens far&agrave, passar una vetllada molt m&agrave,gica i molt divertida.</p>  <p><strong>Amics convidats: ",1439,PL   ,VICTORIA DELS ANGELS,1,,8172,Sant Cugat del Vallès,,,935 907 690 ,,05/04/2014 21:00:00,,Teatre i dansa,1,26
913,Concert.  Intimate ,"<p><strong>Classical &amp, Jazz.</strong> Amb Patr&iacute,cia de No, flauta, i Cristina Casale, piano. Com a aperitiu del concert, les artistes comentaran i interpretaran una pe&ccedil,a composta per alumnes de l&rsquo,Escola Municipal de M&uacute,sica Vi",1439,PL   ,VICTORIA DELS ANGELS,1,,8172,Sant Cugat del Vallès,,,935 907 690 ,,12/04/2014 21:00:00,,Música,1,26
914,Concert de Sant Jordi,"<p>A c&agrave,rrec de l&#39,Orquestra Simf&ograve,nica Sant Cugat. Director: Josep Ferr&eacute,. Concertino: Geert Krosenbrink. Flauta solista: Elisabet Franch. Enguany, l&#39,Orquestra Simf&ograve,nica Sant Cugat ens proposa iniciar el tradicional concer",1439,PL   ,VICTORIA DELS ANGELS,1,,8172,Sant Cugat del Vallès,,,935 907 690 ,,23/04/2014 21:00:00,,Música,1,26
915,Concert.  Carmina Burana ,"<p>A c&agrave,rrec del Cor del Gran Teatre del Liceu. Servei de ludoteca. Director: Jos&eacute, Lu&iacute,s Basso. Carmina Burana &eacute,s el t&iacute,tol de la m&eacute,s c&egrave,lebre composici&oacute, de l&#39,alemany Carl Orff. Una cantata esc&egrav",1439,PL   ,VICTORIA DELS ANGELS,1,,8172,Sant Cugat del Vallès,,,935 907 690 ,,25/05/2014 19:00:00,,Música,1,28
922,"Òpera.  La Bohème , de Giacomo Puccini","<p>Amb el Cor Amics de l&rsquo,&Ograve,pera de Sabadell i l&#39,Orquestra Simf&ograve,nica del Vall&egrave,s. &Ograve,pera en quatre actes. Sobretitulada en catal&agrave,. Director d&#39,orquestra: Rub&eacute,n Gimeno. Director del cor: Daniel Gil de Teja",1439,PL   ,VICTORIA DELS ANGELS,1,,8172,Sant Cugat del Vallès,,,935 907 690 ,,16/05/2014 21:00:00,,Música,1,50
924,Concert. Els Amics de les Arts,"<p>Els Amics de les Arts presenten el seu nou disc, el quart treball discogr&agrave,fic d&#39,un dels grups de refer&egrave,ncia de l&#39,actual escena musical, que ja ens va sorprendre i captivar amb els seus &agrave,lbums anteriors.</p>  <p><strong>Du",1439,PL   ,VICTORIA DELS ANGELS,1,,8172,Sant Cugat del Vallès,,,935 907 690 ,,22/05/2014 21:00:00,,Música,1,30
925,Concert. Chick Corea,"<p>Chick Corea presenta <strong>&quot,Piano Solo Concert&quot,</strong>. Com pocs, Chick Corea &eacute,s, des de fa d&egrave,cades, una pres&egrave,ncia maj&uacute,scula en el jazz. Un concert imprevisible, &eacute,s clar, perqu&egrave, recorrer&agrave, l",1439,PL   ,VICTORIA DELS ANGELS,1,,8172,Sant Cugat del Vallès,,,935 907 690 ,,30/05/2014 21:00:00,,Música,1,46
927,Dansa. Brodas Bros,"<p>Espectacle <strong>&quot,Concierto Concepto&quot,</strong>. Idea original i coreografia: Brodas Bros. Direcci&oacute, art&iacute,stica: Lluc Fruit&oacute,s. Creaci&oacute, musical i m&uacute,sica en directe: Flowtizta, Jean-Philippe Barrios. Un concert",1439,PL   ,VICTORIA DELS ANGELS,1,,8172,Sant Cugat del Vallès,,,935 907 690 ,,26/04/2014 21:00:00,,Música,1,20
928,Dansa. Malandain Ballet Biarritz,"<p>Coreografia: <strong>&quot,Magifique&quot,</strong>. M&uacute,sica: Piotr Ilitx Txaikovski. Coreografia: Thierry Malandain. &quot,Magifique&quot, &eacute,s una coreografia inspirada en tres ballets del repertori cl&agrave,ssic musicats per <strong>Piot",1439,PL   ,VICTORIA DELS ANGELS,1,,8172,Sant Cugat del Vallès,,,935 907 690 ,,17/05/2014 21:00:00,,Música,1,40
932,Màgia. Els Amics del Mag Lari 3,"<p><strong>M&agrave,gia de gran format</strong> per a tots els p&uacute,blics. Per passar una estona inoblidable plena de m&agrave,gia i humor, no us perdeu aquest espectacle per a tots els p&uacute,blics en companyia del Lari i dos mags convidats molt es",1439,PL   ,VICTORIA DELS ANGELS,1,,8172,Sant Cugat del Vallès,,,935 907 690 ,,06/04/2014 18:00:00,,Altres,1,13
933,Contes musicals  Aventures al voltant del piano ,"<p>Recomanat a partir de 5 anys. A la Sala Escenari. Fitxa art&iacute,stica: Cristina Casale, piano, Jordi Bosch, narrador.</p>  <h3>Programa</h3>  <p><strong>&quot,El primer concert de l&#39,&oacute,s Paddington&quot,</strong>. Text: Michael Bond. M&",1439,PL   ,VICTORIA DELS ANGELS,1,,8172,Sant Cugat del Vallès,,,935 907 690 ,,13/04/2014 12:00:00,,Música,1,13
934,Òpera en família.  Allegro Vivace ,"<p><strong>Doble funci&oacute,</strong>: 12 i 18 h. Un divertit viatge de descobriment de l&#39,&ograve,pera. Recomanat a partir de 8 anys.<br /> <strong>Fragments d&#39,&ograve,peres</strong> de Monteverdi, Purcell, Mozart, Rossini, Donizetti, Berlioz, ",1439,PL   ,VICTORIA DELS ANGELS,1,,8172,Sant Cugat del Vallès,,,935 907 690 ,,11/05/2014 12:00:00,,Música,1,13
935,Concert. Macedònia,"<p>Presentaci&oacute, del nou disc <strong>&quot,Flors&quot,</strong>. Maced&ograve,nia torna al Teatre-Auditori per presentar les can&ccedil,ons del seu nou disc &quot,Flors&quot,, un treball ple d&#39,optimisme i vitalitat, que gira al voltant de la fel",1439,PL   ,VICTORIA DELS ANGELS,1,,8172,Sant Cugat del Vallès,,,935 907 690 ,,01/06/2014 18:00:00,,Música,1,10
948,"Parlem de...  La Bohème , de Giacomo Puccini","<p>Amb Roger Alier. Activitat complement&agrave,ria a l&#39,&ograve,pera <strong>&quot,La Boh&egrave,me&quot,</strong>, de Giacomo Puccini, que es representar&agrave, al Teatre-Auditori el 16 de maig a les nou del vespre.</p>  <p><strong>Entrada lliure.",8752,PL   ,VICTORIA DELS ANGELS,1,,8172,Sant Cugat del Vallès,,,936 746 973,info@cafeauditori.com,13/05/2014 19:30:00,,Teatre i dansa,1,
949,Assaig obert. Malandain Ballet Biarritz,"<p>Cal recollir la invitaci&oacute, a partir d&#39,una hora abans a les taquilles. Activitat complement&agrave,ria a l&#39,actuaci&oacute, del Malandain Ballet Biarritz al Teatre-Auditori el mateix 17 de maig a les nou del vespre.</p>  <p><strong>Entrad",1439,PL   ,VICTORIA DELS ANGELS,1,,8172,Sant Cugat del Vallès,,,935 907 690 ,,17/05/2014 18:00:00,,Teatre i dansa,1,
1203,Espai de jocs amb famílies!,"<p><strong>Places exhaurides</strong><br /> Del 27 de gener fins el 7 d&#39,abril els dilluns. Aforament limitat. Cal inscripci&oacute, pr&egrave,via, les <strong>inscripcions </strong>es faran els <strong>dilluns a la tarda al Xalet Negre</strong>.<br /",9114,PL   ,COLL,4,,8172,Sant Cugat del Vallès,,,936 030 529 ,,31/03/2014 17:30:00,,Altres,1,
1204,Espai de jocs amb famílies!,"<p><strong>Places exhaurides</strong><br /> Del 27 de gener fins el 7 d&#39,abril els dilluns. Aforament limitat. Cal inscripci&oacute, pr&egrave,via, les <strong>inscripcions </strong>es faran els <strong>dilluns a la tarda al Xalet Negre</strong>.<br /",9114,PL   ,COLL,4,,8172,Sant Cugat del Vallès,,,936 030 529 ,,07/04/2014 17:30:00,,Altres,1,
1217,Inscripcions al Curs de formació bàsica en higiene i seguretat alimentària,"<p><strong>Data:</strong> 12 de maig de 2014<br /> <strong>Horari: </strong>16 a 20 h<br /> <strong>Lloc de realitzaci&oacute,: </strong>Casa de Cultura (Aula polivalent 2) C. Castellv&iacute, s/n<br /> <strong>Inscripci&oacute,: </strong>gratu&iuml,ta",4193,PL   ,VILA,1,,8172,Sant Cugat del Vallès,,,935 657 000,bustiaciutadana@santcugat.cat,01/04/2014 8:00:00,,Cursos i tallers,1,
1219,Inscripcions al Curs de formació en higiene i seguretat alimentària en el sector de la restauració i els  menjars preparats per emportar (2a edició),"<p><strong>Dates:</strong> 10 i 17 de novembre de 2014<br /> <strong>Horari: </strong>16 a 19 h<br /> <strong>Lloc de realitzaci&oacute,:</strong> Casa de Cultura (Aula polivalent 2) C. Castellv&iacute, s/n<br /> <strong>Inscripci&oacute,:</strong> gra",4193,PL   ,VILA,1,,8172,Sant Cugat del Vallès,,,935 657 000,bustiaciutadana@santcugat.cat,01/10/2014 8:00:00,,Cursos i tallers,1,
1220,Inscripcions al Curs de formació en higiene i seguretat alimentària en el sector minorista carni,"<p><strong>Dates:</strong> 15 i 22 de setembre de 2014<br /> <strong>Horari: </strong>16 a 19 h<br /> <strong>Lloc de realitzaci&oacute,: </strong>Casa de Cultura (Aula polivalent 2) C. Castellv&iacute, s/n<br /> <strong>Inscripci&oacute,:</strong> gra",4193,PL   ,VILA,1,,8172,Sant Cugat del Vallès,,,935 657 000,bustiaciutadana@santcugat.cat,01/07/2014 8:00:00,,Cursos i tallers,1,
1251,Escola de pares i mares. Tecnologies de la informació i la comunicació III,"<p><strong>Nadius i immigrants digitals: l&rsquo,&uacute,s de les pantalles i la xarxa.</strong><br /> Xerrada per a pares i mares (fills/es pre-adolescents i adolescents). A c&agrave,rrec d&rsquo,&Oacute,scar Barril, educador social especialitzat en la",1435,C    ,CASTELLVI,8,(Jardins del Monestir),8173,Sant Cugat del Vallès,,,935 891 382,casadecultura@santcugat.cat,31/03/2014 19:00:00,,Conferències i jornades,1,
1265,Teatre.  Taula rodona ,"<p><strong>Amb el</strong> <strong>Grup de Teatre Espiral</strong>. Als anys setanta es patia una crisi en la civilitzaci&oacute, occidental i tothom n&#39,era conscient, de manera que les manifestacions, els col&middot,loquis, les taules rodones, els man",2702,C    ,CASINO,27,,8198,Sant Cugat del Vallès,,,935 838 143,casinolafloresta@santcugat.cat,04/04/2014 21:00:00,,Teatre i dansa,1,8
1289,Música.  Inner  amb Natxo Tarrés (Gossos),"<p><strong>Concert-tert&uacute,lia. </strong>Uns dels artistes catalans mes reconeguts dins del panorama de la m&uacute,sica en catal&agrave,. Cofundador el 1993 del grup Gossos amb els quals porta 20 anys de carrera i 11 discs d&rsquo,estudi. No us perde",1435,C    ,CASTELLVI,8,(Jardins del Monestir),8173,Sant Cugat del Vallès,,,935 891 382,casadecultura@santcugat.cat,23/05/2014 21:00:00,,Música,1,10
1290,Música a l aire lliure. Jazz a la fresca,"<p><strong>Entrada lliure. A partir de les 20 h</strong><br /> El Casino de la Floresta us presenta un any m&eacute,s una Nit de Jazz, on podreu compartir un vespre de bona m&uacute,sica i bon ambient a l&rsquo,aire lliure gaudint de la bona temperatura ",2702,C    ,CASINO,27,,8198,Sant Cugat del Vallès,,,935 838 143,casinolafloresta@santcugat.cat,14/06/2014 20:00:00,,Música,1,
1291,Teatre.  Me’n vaig de viatge ,"<p>La <strong>Paula Polida</strong> &ndash,convidada d&rsquo,humor a fires, festes i festivals&ndash, viatja carregada de maletes, tamborets, de la capa i del barret de copa. Curiosa i festiva com &eacute,s, s&rsquo,atura all&agrave, on hi ha gent menuda ",7138,PL   ,COLL DE LA CREU D EN BLAU,7,,8196,Sant Cugat del Vallès,,,936 755 105 ,casallesplanes@santcugat.cat,06/04/2014 12:00:00,,Teatre i dansa,1,6
1298,El documental del mes.  Lloga una família S.A. ,"<p>(Rent a Family Inc.) Aquesta &eacute,s la hist&ograve,ria &uacute,nica i impredictible sobre el Sr. Ryuichi Ichinokawa i la seva curiosa forma de vida. La fam&iacute,lia Ichinokawa sembla des de fora portar una vida familiar completament normal. Tanmat",1435,C    ,CASTELLVI,8,(Jardins del Monestir),8173,Sant Cugat del Vallès,,,935 891 382,casadecultura@santcugat.cat,09/04/2014 20:00:00,,Cinema,1,
1299,El documental del mes,"<p><strong>A determinar.</strong><br /> <strong>Consultar programaci&oacute, a:</strong> <a class= nova_finestra  href= http://www.casadecultura.santcugat.cat/  target= _blank >Casa de Cultura</a></p>  <p>Una iniciativa de Paral&middot,lel 40.<br /> <",1435,C    ,CASTELLVI,8,(Jardins del Monestir),8173,Sant Cugat del Vallès,,,935 891 382,casadecultura@santcugat.cat,14/05/2014 20:00:00,,Cinema,1,
1300,El documental del mes,"<p><strong>A determinar.</strong><br /> <strong>Consultar programaci&oacute, a:</strong> <a class= nova_finestra  href= http://www.casadecultura.santcugat.cat/  target= _blank >Casa de Cultura</a></p>  <p>Una iniciativa de Paral&middot,lel 40.<br /> <",1435,C    ,CASTELLVI,8,(Jardins del Monestir),8173,Sant Cugat del Vallès,,,935 891 382,casadecultura@santcugat.cat,11/06/2014 20:00:00,,Cinema,1,
1301,El documental del mes,"<p><strong>A determinar.</strong><br /> <strong>Consultar programaci&oacute, a:</strong> <a class= nova_finestra  href= http://www.casadecultura.santcugat.cat/  target= _blank >Casa de Cultura</a></p>  <p>Una iniciativa de Paral&middot,lel 40.<br /> <",1435,C    ,CASTELLVI,8,(Jardins del Monestir),8173,Sant Cugat del Vallès,,,935 891 382,casadecultura@santcugat.cat,09/07/2014 20:00:00,,Cinema,1,
1302,Conferència.  La I Revolució Industrial. Catalunya i Espanya en el context europeu ,"<p><strong>Entrada gratu&iuml,ta.</strong> Una proposta de l&#39,Associaci&oacute, Cultural Sant Cugat. A c&agrave,rrec de Pilar L&oacute,pez. Del cicle &quot,L&rsquo,economia motor de la hist&ograve,ria&quot,.<br /> El frac&agrave,s de la Revoluci&oacut",9114,PL   ,COLL,4,,8172,Sant Cugat del Vallès,,,936 030 529 ,,09/04/2014 18:00:00,,Conferències i jornades,1,
1303,Conferència.  Adam Smith. Més enllà dels tòpics ,"<p><strong>Entrada gratu&iuml,ta.</strong> Una proposta de l&#39,Associaci&oacute, Cultural Sant Cugat. A c&agrave,rrec de Manel L&oacute,pez.<br /> Del cicle &quot,L&#39,economia motor de la hist&ograve,ria&quot,.<br /> Adam Smith ha estat considerat e",9114,PL   ,COLL,4,,8172,Sant Cugat del Vallès,,,936 030 529 ,,30/04/2014 18:00:00,,Conferències i jornades,1,
1304,Conferència.  La Revolució Industrial de l època victoriana ,"<p><strong>Entrada gratu&iuml,ta.</strong> Una proposta de l&#39,Associaci&oacute, Cultural Sant Cugat. A c&agrave,rrec de Manel L&oacute,pez.<br /> Del cicle &quot,L&rsquo,economia motor de la hist&ograve,ria&quot,.<br /> Entre 1830 i 1870, el Regne Un",9114,PL   ,COLL,4,,8172,Sant Cugat del Vallès,,,936 030 529 ,,14/05/2014 18:00:00,,Conferències i jornades,1,
1305,Conferència.  Les emocions i l ètica ,"<p><strong>Entrada gratu&iuml,ta.</strong> Una proposta de l&#39,Associaci&oacute, Cultural Sant Cugat. A c&agrave,rrec de Vict&ograve,ria Camps.<br /> Del cicle &quot,Parlem de filosofia&quot,.<br /> Les emocions morals s&oacute,n aquelles que conv&eac",9114,PL   ,COLL,4,,8172,Sant Cugat del Vallès,,,936 030 529 ,,28/05/2014 18:00:00,,Conferències i jornades,1,
1307,Conferència.  Sobre la necessitat de parar-se a pensar ,"<p><strong>Entrada gratu&iuml,ta.</strong> Una proposta de l&#39,Associaci&oacute, Cultural Sant Cugat. A c&agrave,rrec de Manuel Cruz.<br /> Del cicle &quot,Parlem de filosofia&quot,.<br /> El pensament no sembla gaudir d&rsquo,un gran cr&egrave,dit ac",9114,PL   ,COLL,4,,8172,Sant Cugat del Vallès,,,936 030 529 ,,11/06/2014 18:00:00,,Conferències i jornades,1,
1362,Reunió Toastmasters,"<p>Vols millorar els teus dots comunicatius? A Toastmasters aprenem dots de comunicaci&oacute, i de lideratge. Vine a con&egrave,ixer-nos en una reuni&oacute, gratu&iuml,ta.<br /> <strong>M&eacute,s informaci&oacute, a</strong>: <a class= nova_finestra  ",1435,C    ,CASTELLVI,8,(Jardins del Monestir),8173,Sant Cugat del Vallès,,,935 891 382,casadecultura@santcugat.cat,07/04/2014 20:00:00,,Altres,1,
1407,Curs d economia crítica  Per entendre l actualitat ,"<p><strong>Amb el seminari d&#39,economia cr&iacute,tica Taifa.</strong><br /> Curs obert a tota la ciutadania.<br /> <strong>Preu: </strong>10&euro, (inclou despeses de material i doc&egrave,ncia).<br /> <strong>Dies: </strong>4, 11 i 25 d&#39,abril, ",1435,C    ,CASTELLVI,8,(Jardins del Monestir),8173,Sant Cugat del Vallès,,,935 891 382,casadecultura@santcugat.cat,04/04/2014 19:00:00,,Cursos i tallers,1,10
1409,Ballada de sardanes,"<p>Amb la Cobla Joven&iacute,vola de Sabadell.</p> ",16511,PL   ,OCTAVIA,,,,Sant Cugat del Vallès,,,,,17/05/2014 19:00:00,,Populars i tradicionals,1,
1410,Ballada de sardanes,"<p>Amb la Cobla Mediterr&agrave,nia.</p> ",16511,PL   ,OCTAVIA,,,,Sant Cugat del Vallès,,,,,23/06/2014 18:30:00,,Populars i tradicionals,1,
1411,Nits temàtiques de la Unipau,"<p><strong>Activitat gratu&iuml,ta.<br /> Tem&agrave,tica: Populismes. </strong>Reflexi&oacute, i an&agrave,lisi entorn del llibre &quot,Alba Dorada&quot,, de Dimitri Deliolanes (Ed.Fandango i Kindle Amazon). Davant la crisi i la p&egrave,rdua de credibi",1435,C    ,CASTELLVI,8,(Jardins del Monestir),8173,Sant Cugat del Vallès,,,935 891 382,casadecultura@santcugat.cat,11/04/2014 19:30:00,,Conferències i jornades,1,
1412,Nits temàtiques de la Unipau,"<p><strong>Activitat gratu&iuml,ta.<br /> Tem&agrave,tica: Mediterr&agrave,nia o Mediterr&agrave,nies.</strong> Reflexi&oacute, i an&agrave,lisi entorn del llibre &quot,Las palabras del tiempo. Un ideario para pensar historicamente&quot,, de Francesco Be",1435,C    ,CASTELLVI,8,(Jardins del Monestir),8173,Sant Cugat del Vallès,,,935 891 382,casadecultura@santcugat.cat,23/05/2014 19:30:00,,Conferències i jornades,1,
1419,Escola de pares i mares. Habilitats educatives III,"<p><strong>Tenim dificultats per a fer complir les normes? Sabem posar l&iacute,mits que els ajudin a cr&eacute,ixer?</strong><br /> Xerrada per a pares i mares (fills/es de 3 a 12 anys)<br /> A c&agrave,rrec de Maria Jes&uacute,s Comellas, Doctora en",906,PG   ,CREU,1,,8173,Sant Cugat del Vallès,,,935 898 586,a8038260@xtec.cat,02/04/2014 20:30:00,,Conferències i jornades,1,
1430,Concert benèfic pel Parkinson,"<p><strong>Preu:</strong> 10&euro,, 8&euro, anticipada. Socis gratu&iuml,t. Tel. 93 589 73 09 (Joventuts Musicals Sant Cugat).<br /> <strong>Fitxa art&iacute,stica:</strong> Pau Codina, violoncel, i Marc Heredia, piano.</p> ",1536,PL   ,VICTORIA DELS ANGELS,2,,8172,Sant Cugat del Vallès,,,935 890 551,a8040643@centres.xtec.es,12/04/2014 18:00:00,,Música,1,10
1431,Concert. Trio Rodin,"<p><strong>Preu:</strong> 10&euro,, 8&euro, anticipada. Socis gratu&iuml,t. Tel. 93 589 73 09 (Joventuts Musicals Sant Cugat).<br /> <strong>Fitxa art&iacute,stica:</strong> Carles Puig, viol&iacute,, Esther Garc&iacute,a, violoncel, i Jorge Mengotti, pi",1536,PL   ,VICTORIA DELS ANGELS,2,,8172,Sant Cugat del Vallès,,,935 890 551,a8040643@centres.xtec.es,31/05/2014 18:00:00,,Música,1,10
1432,Concert. Esmeralda Jiménez i Omar Sánchez,"<p><strong>Preu:</strong> 10&euro,, 8&euro, anticipada. Socis gratu&iuml,t. Tel. 93 589 73 09 (Joventuts Musicals Sant Cugat).<br /> <strong>Fitxa art&iacute,stica:</strong> Esmeralda Jim&eacute,nez, soprano, i Omar S&aacute,nchez, piano.</p> ",1536,PL   ,VICTORIA DELS ANGELS,2,,8172,Sant Cugat del Vallès,,,935 890 551,a8040643@centres.xtec.es,11/05/2014 18:00:00,,Música,1,10
1433,"Concert. Noelia Rodiles, piano","<p><strong>Preu:</strong> 10&euro,, 8&euro, anticipada. Socis gratu&iuml,t. Tel. 93 589 73 09 (Joventuts Musicals Sant Cugat).</p> ",1536,PL   ,VICTORIA DELS ANGELS,2,,8172,Sant Cugat del Vallès,,,935 890 551,a8040643@centres.xtec.es,21/06/2014 18:00:00,,Música,1,10
1437,Concert. Lluis Vidal Trio,"<p><strong>Entrada lliure. Aforament limitat.</strong><br /> Formaci&oacute, &agrave,gil, equilibrada, de sonoritat c&agrave,lida i sempre suggerent. El seu repertori el formen composicions originals i interpretacions molt personals de can&ccedil,ons pop",8752,PL   ,VICTORIA DELS ANGELS,1,,8172,Sant Cugat del Vallès,,,936 746 973,info@cafeauditori.com,10/04/2014 21:00:00,,Música,1,
1461,Passejades per Collserola. Redescobrint les masies de Sant Cugat,"<p><strong>Passejada gratu&iuml,ta, oberta a tothom i sense inscripci&oacute, pr&egrave,via.</strong></p>  <p><strong>Itinerari: </strong>Aquest diumenge farem un recorregut per algunes de les masies on ha bategat la vida quotidiana i agr&iacute,cola de",1437,PL   ,VILA,2,,8172,Sant Cugat del Vallès,,,936 745 396,cmsc@cmsc.cat,30/03/2014 9:00:00,,Rutes i visites,1,
1467,Balls del diumenge,"<p>Preu: parella de socis 10&euro,, parella general 15&euro,. Entrades individuals meitat de preu. Amb l&#39,actuaci&oacute, del grup David de Vic. A l&#39,intermedi et donarem de berenar.</p> ",1436,AV   ,JOSEP ANSELM CLAVE,17,,8172,Sant Cugat del Vallès,,,936 752 057,info@teatrelaunio.cat,30/03/2014 18:30:00,,Altres,1,
1477,Visites de nit amb notes musicals,"<p><strong>Els llocs silenciosos de vegades parlen.</strong> I aix&ograve, fa el Monestir a la nit: parlar-te de la vida quotidiana dels monjos benedictins mentre passeges pel seu conjunt arquitect&ograve,nic amb la rosassa, una de les m&eacute,s grans de",1457,PL   ,OCTAVIA,10,,8172,Sant Cugat del Vallès,,,936 759 952,turisme@santcugat.cat,11/04/2014 20:30:00,,Rutes i visites,1,15
1478,Visites de nit amb notes musicals,"<p><strong>Els llocs silenciosos de vegades parlen.</strong> I aix&ograve, fa el Monestir a la nit: parlar-te de la vida quotidiana dels monjos benedictins mentre passeges pel seu conjunt arquitect&ograve,nic amb la rosassa, una de les m&eacute,s grans de",1457,PL   ,OCTAVIA,10,,8172,Sant Cugat del Vallès,,,936 759 952,turisme@santcugat.cat,23/05/2014 20:30:00,,Rutes i visites,1,15
1479,Visites de nit amb notes musicals,"<p><strong>Els llocs silenciosos de vegades parlen.</strong> I aix&ograve, fa el Monestir a la nit: parlar-te de la vida quotidiana dels monjos benedictins mentre passeges pel seu conjunt arquitect&ograve,nic amb la rosassa, una de les m&eacute,s grans de",1457,PL   ,OCTAVIA,10,,8172,Sant Cugat del Vallès,,,936 759 952,turisme@santcugat.cat,13/06/2014 20:30:00,,Rutes i visites,1,15
1480,Visites de nit amb notes musicals,"<p><strong>Els llocs silenciosos de vegades parlen.</strong> I aix&ograve, fa el Monestir a la nit: parlar-te de la vida quotidiana dels monjos benedictins mentre passeges pel seu conjunt arquitect&ograve,nic amb la rosassa, una de les m&eacute,s grans de",1457,PL   ,OCTAVIA,10,,8172,Sant Cugat del Vallès,,,936 759 952,turisme@santcugat.cat,26/09/2014 20:30:00,,Rutes i visites,1,15
1481,Visites de nit amb notes musicals,"<p><strong>Els llocs silenciosos de vegades parlen.</strong> I aix&ograve, fa el Monestir a la nit: parlar-te de la vida quotidiana dels monjos benedictins mentre passeges pel seu conjunt arquitect&ograve,nic amb la rosassa, una de les m&eacute,s grans de",1457,PL   ,OCTAVIA,10,,8172,Sant Cugat del Vallès,,,936 759 952,turisme@santcugat.cat,24/10/2014 20:30:00,,Rutes i visites,1,15
1482,Visites de nit amb notes musicals,"<p><strong>Els llocs silenciosos de vegades parlen.</strong> I aix&ograve, fa el Monestir a la nit: parlar-te de la vida quotidiana dels monjos benedictins mentre passeges pel seu conjunt arquitect&ograve,nic amb la rosassa, una de les m&eacute,s grans de",1457,PL   ,OCTAVIA,10,,8172,Sant Cugat del Vallès,,,936 759 952,turisme@santcugat.cat,14/11/2014 20:30:00,,Rutes i visites,1,15
1483,Llegendes nocturnes al Monestir de Sant Cugat,"<p>Nom&eacute,s unes quantes persones tindran el privilegi d&#39,entrar en <strong>les depend&egrave,ncies mon&agrave,stiques de nit</strong>, i sentir totes les hist&ograve,ries viscudes entre les seves parets imponents. Al final de la visita <strong>tas",1468,PL   ,OCTAVIA,1,,8172,Sant Cugat del Vallès,,,936 759 951,,12/07/2014 22:00:00,,Rutes i visites,1,15
1484,Llegendes nocturnes al Monestir de Sant Cugat,"<p>Nom&eacute,s unes quantes persones tindran el privilegi d&#39,entrar en <strong>les depend&egrave,ncies mon&agrave,stiques de nit</strong>, i sentir totes les hist&ograve,ries viscudes entre les seves parets imponents. Al final de la visita <strong>tas",1468,PL   ,OCTAVIA,1,,8172,Sant Cugat del Vallès,,,936 759 951,,02/08/2014 22:00:00,,Rutes i visites,1,15
1485,Llegendes nocturnes al Monestir de Sant Cugat,"<p>Nom&eacute,s unes quantes persones tindran el privilegi d&#39,entrar en <strong>les depend&egrave,ncies mon&agrave,stiques de nit</strong>, i sentir totes les hist&ograve,ries viscudes entre les seves parets imponents. Al final de la visita <strong>tas",1468,PL   ,OCTAVIA,1,,8172,Sant Cugat del Vallès,,,936 759 951,,09/08/2014 22:00:00,,Rutes i visites,1,15
1486,Llegendes nocturnes al Monestir de Sant Cugat,"<p>Nom&eacute,s unes quantes persones tindran el privilegi d&#39,entrar en <strong>les depend&egrave,ncies mon&agrave,stiques de nit</strong>, i sentir totes les hist&ograve,ries viscudes entre les seves parets imponents. Al final de la visita <strong>tas",1468,PL   ,OCTAVIA,1,,8172,Sant Cugat del Vallès,,,936 759 951,,23/08/2014 22:00:00,,Rutes i visites,1,15
1487,Llegendes nocturnes al Monestir de Sant Cugat,"<p>Nom&eacute,s unes quantes persones tindran el privilegi d&#39,entrar en <strong>les depend&egrave,ncies mon&agrave,stiques de nit</strong>, i sentir totes les hist&ograve,ries viscudes entre les seves parets imponents. Al final de la visita <strong>tas",1468,PL   ,OCTAVIA,1,,8172,Sant Cugat del Vallès,,,936 759 951,,06/09/2014 22:00:00,,Rutes i visites,1,15
1492,Tallers de Setmana Santa. Pou d Art,"<h3>Tallers</h3>  <p><strong>Expressi&oacute, pl&agrave,stica. </strong>De 4 a 10 anys.<br /> <strong>La pl&agrave,stica dels artistes</strong>. De 8 a 14 anys.<br /> <strong>Rob&ograve,tica. </strong>De 8 a 14 anys.<br /> <strong>Dibuix a l&#39,aire",955,C    ,BALMES,35,,8172,Sant Cugat del Vallès,,,935 906 086,info@poudart.com,14/04/2014 10:00:00,,Cursos i tallers,1,90
1501,"Presentació del llibre  Paraules per a Gaeta , de Cesk Freixas","<p><strong>El cantautor Cesk Freixas passar&agrave, pel Terra Dol&ccedil,a</strong> per parlar-nos de la seva primera novel&middot,la, un llibre delici&oacute,s, ple de comprom&iacute,s i sentiment. I ens ho explicar&agrave, acompanyat de Roc Casagran, po",7793,C    ,ENRIC GRANADOS,8,,8172,Sant Cugat del Vallès,,,936 741 656,info@terradolca.cat,03/04/2014 20:00:00,,Literàries,1,
1502,El dia a dia dels monjos a l edat mitjana,"<p>Cada &egrave,poca t&eacute, un ritme, un pas i un batec propi. Vols con&egrave,ixer el pas i la vida dels monjos a l&#39,edat mitjana? Els seus costums davant la taula i el menjar? I les depend&egrave,ncies claustrals on vivien? Ho far&agrave,s de la m",1441,PL   ,OM,1,,8173,Sant Cugat del Vallès,,,936 759 951,museu@santcugat.cat,19/04/2014 11:00:00,,Rutes i visites,1,8
1503,El dia a dia dels monjos a l edat mitjana,"<p>Cada &egrave,poca t&eacute, un ritme, un pas i un batec propi. Vols con&egrave,ixer el pas i la vida dels monjos a l&#39,edat mitjana? Els seus costums davant la taula i el menjar? I les depend&egrave,ncies claustrals on vivien? Ho far&agrave,s de la m",1441,PL   ,OM,1,,8173,Sant Cugat del Vallès,,,936 759 951,museu@santcugat.cat,24/05/2014 11:00:00,,Rutes i visites,1,8
1504,El dia a dia dels monjos a l edat mitjana,"<p>Cada &egrave,poca t&eacute, un ritme, un pas i un batec propi. Vols con&egrave,ixer el pas i la vida dels monjos a l&#39,edat mitjana? Els seus costums davant la taula i el menjar? I les depend&egrave,ncies claustrals on vivien? Ho far&agrave,s de la m",1441,PL   ,OM,1,,8173,Sant Cugat del Vallès,,,936 759 951,museu@santcugat.cat,22/06/2014 11:00:00,,Rutes i visites,1,8
1505,El dia a dia dels monjos a l edat mitjana,"<p>Cada &egrave,poca t&eacute, un ritme, un pas i un batec propi. Vols con&egrave,ixer el pas i la vida dels monjos a l&#39,edat mitjana? Els seus costums davant la taula i el menjar? I les depend&egrave,ncies claustrals on vivien? Ho far&agrave,s de la m",1441,PL   ,OM,1,,8173,Sant Cugat del Vallès,,,936 759 951,museu@santcugat.cat,20/07/2014 11:00:00,,Rutes i visites,1,8
1506,El dia a dia dels monjos a l edat mitjana,"<p>Cada &egrave,poca t&eacute, un ritme, un pas i un batec propi. Vols con&egrave,ixer el pas i la vida dels monjos a l&#39,edat mitjana? Els seus costums davant la taula i el menjar? I les depend&egrave,ncies claustrals on vivien? Ho far&agrave,s de la m",1441,PL   ,OM,1,,8173,Sant Cugat del Vallès,,,936 759 951,museu@santcugat.cat,10/08/2014 11:00:00,,Rutes i visites,1,8
1507,El dia a dia dels monjos a l edat mitjana,"<p>Cada &egrave,poca t&eacute, un ritme, un pas i un batec propi. Vols con&egrave,ixer el pas i la vida dels monjos a l&#39,edat mitjana? Els seus costums davant la taula i el menjar? I les depend&egrave,ncies claustrals on vivien? Ho far&agrave,s de la m",1441,PL   ,OM,1,,8173,Sant Cugat del Vallès,,,936 759 951,museu@santcugat.cat,21/09/2014 11:00:00,,Rutes i visites,1,8
1512,"El campanar, l església i el Claustre","<p>A poc a poc puges al campanar mentre escoltes el repic de les campanes. Gaudeixes d&#39,unes fant&agrave,stiques vistes de Collserola i de tot el poble des d&#39,aquest espai on molt pocs hi accedeixen. Despr&eacute,s, visites la majestuosa esgl&eacute",1468,PL   ,OCTAVIA,1,,8172,Sant Cugat del Vallès,,,936 759 951,,26/04/2014 10:00:00,,Rutes i visites,1,8
1513,"El campanar, l església i el Claustre","<p>A poc a poc puges al campanar mentre escoltes el repic de les campanes. Gaudeixes d&#39,unes fant&agrave,stiques vistes de Collserola i de tot el poble des d&#39,aquest espai on molt pocs hi accedeixen. Despr&eacute,s, visites la majestuosa esgl&eacute",1468,PL   ,OCTAVIA,1,,8172,Sant Cugat del Vallès,,,936 759 951,,24/05/2014 10:00:00,,Rutes i visites,1,8
1514,"El campanar, l església i el Claustre","<p>A poc a poc puges al campanar mentre escoltes el repic de les campanes. Gaudeixes d&#39,unes fant&agrave,stiques vistes de Collserola i de tot el poble des d&#39,aquest espai on molt pocs hi accedeixen. Despr&eacute,s, visites la majestuosa esgl&eacute",1468,PL   ,OCTAVIA,1,,8172,Sant Cugat del Vallès,,,936 759 951,,31/05/2014 10:00:00,,Rutes i visites,1,8
1515,"El campanar, l església i el Claustre","<p>A poc a poc puges al campanar mentre escoltes el repic de les campanes. Gaudeixes d&#39,unes fant&agrave,stiques vistes de Collserola i de tot el poble des d&#39,aquest espai on molt pocs hi accedeixen. Despr&eacute,s, visites la majestuosa esgl&eacute",1468,PL   ,OCTAVIA,1,,8172,Sant Cugat del Vallès,,,936 759 951,,21/06/2014 10:00:00,,Rutes i visites,1,8
1516,"El campanar, l església i el Claustre","<p>A poc a poc puges al campanar mentre escoltes el repic de les campanes. Gaudeixes d&#39,unes fant&agrave,stiques vistes de Collserola i de tot el poble des d&#39,aquest espai on molt pocs hi accedeixen. Despr&eacute,s, visites la majestuosa esgl&eacute",1468,PL   ,OCTAVIA,1,,8172,Sant Cugat del Vallès,,,936 759 951,,29/06/2014 10:00:00,,Rutes i visites,1,8
1517,"El campanar, l església i el Claustre","<p>A poc a poc puges al campanar mentre escoltes el repic de les campanes. Gaudeixes d&#39,unes fant&agrave,stiques vistes de Collserola i de tot el poble des d&#39,aquest espai on molt pocs hi accedeixen. Despr&eacute,s, visites la majestuosa esgl&eacute",1468,PL   ,OCTAVIA,1,,8172,Sant Cugat del Vallès,,,936 759 951,,19/07/2014 10:00:00,,Rutes i visites,1,8
1518,"El campanar, l església i el Claustre","<p>A poc a poc puges al campanar mentre escoltes el repic de les campanes. Gaudeixes d&#39,unes fant&agrave,stiques vistes de Collserola i de tot el poble des d&#39,aquest espai on molt pocs hi accedeixen. Despr&eacute,s, visites la majestuosa esgl&eacute",1468,PL   ,OCTAVIA,1,,8172,Sant Cugat del Vallès,,,936 759 951,,26/07/2014 10:00:00,,Rutes i visites,1,8
1519,"El campanar, l església i el Claustre","<p>A poc a poc puges al campanar mentre escoltes el repic de les campanes. Gaudeixes d&#39,unes fant&agrave,stiques vistes de Collserola i de tot el poble des d&#39,aquest espai on molt pocs hi accedeixen. Despr&eacute,s, visites la majestuosa esgl&eacute",1468,PL   ,OCTAVIA,1,,8172,Sant Cugat del Vallès,,,936 759 951,,30/08/2014 10:00:00,,Rutes i visites,1,8
1520,"El campanar, l església i el Claustre","<p>A poc a poc puges al campanar mentre escoltes el repic de les campanes. Gaudeixes d&#39,unes fant&agrave,stiques vistes de Collserola i de tot el poble des d&#39,aquest espai on molt pocs hi accedeixen. Despr&eacute,s, visites la majestuosa esgl&eacute",1468,PL   ,OCTAVIA,1,,8172,Sant Cugat del Vallès,,,936 759 951,,20/09/2014 10:00:00,,Rutes i visites,1,8
1521,"El campanar, l església i el Claustre","<p>A poc a poc puges al campanar mentre escoltes el repic de les campanes. Gaudeixes d&#39,unes fant&agrave,stiques vistes de Collserola i de tot el poble des d&#39,aquest espai on molt pocs hi accedeixen. Despr&eacute,s, visites la majestuosa esgl&eacute",1468,PL   ,OCTAVIA,1,,8172,Sant Cugat del Vallès,,,936 759 951,,27/09/2014 10:00:00,,Rutes i visites,1,8
1522,"Modernisme, noucentisme...","<p>L&#39,Eixample &eacute,s un lloc escollit per a la construcci&oacute, d&#39,edificis emblem&agrave,tics. Ara tens la possibilitat de seguir els seus passos i saber qu&egrave, s&#39,amagava darrere les finestres d&#39,aquestes cases modernistes constru&",16510,PL   ,BARCELONA,,,,Sant Cugat del Vallès,,,,,17/05/2014 11:00:00,,Rutes i visites,1,5
1523,"Modernisme, noucentisme...","<p>L&#39,Eixample &eacute,s un lloc escollit per a la construcci&oacute, d&#39,edificis emblem&agrave,tics. Ara tens la possibilitat de seguir els seus passos i saber qu&egrave, s&#39,amagava darrere les finestres d&#39,aquestes cases modernistes constru&",16510,PL   ,BARCELONA,,,,Sant Cugat del Vallès,,,,,04/10/2014 11:00:00,,Rutes i visites,1,5
1525,1a Gimnastrada Vila de Sant Cugat,"<p><strong>Jornada sense car&agrave,cter competitiu </strong>que s&#39,organitza per donar sortida a totes les esportistes que fan gimn&agrave,stica r&iacute,tmica sobretot a nivell escolar.<br /> Les participants en aquesta trobada s&oacute,n de les esc",8780,PTGE ,BARO DE COUBERTIN,3,,8172,Sant Cugat del Vallès,,,935 830 345,,30/03/2014 16:00:00,,Esportives,1,
1530,Presentació de llibre.  Conta m un cant ,"<p><strong>De Cl&agrave,udia Viladrich.</strong> Presentaci&oacute, a c&agrave,rrec de Daniel Ruiz-Trillo.<br /> Un homenatge a la m&uacute,sica dels Pa&iuml,sos Catalans.</p> ",7793,C    ,ENRIC GRANADOS,8,,8172,Sant Cugat del Vallès,,,936 741 656,info@terradolca.cat,31/03/2014 19:00:00,,Literàries,1,
1537,Trofeu Ciutat de Sant Cugat de Ball Esportiu,"<p>Al PAV II, III.</p> ",1443,PTGE ,BARO DE COUBERTIN,1,,8172,Sant Cugat del Vallès,,,935 830 345,,05/04/2014 9:00:00,06/04/2014 22:00:00,Esportives,1,
1545,"Presentació de llibre.  Salvador Puig Antich, cas obert ",<p>De Jordi Panyella.</p> ,7793,C    ,ENRIC GRANADOS,8,,8172,Sant Cugat del Vallès,,,936 741 656,info@terradolca.cat,08/05/2014 20:00:00,,Altres,1,
1546,Presentació de llibre.  Islàndia 2013. Crònica d una decepció ,"<p>D&#39,&Egrave,ric Lluent.</p> ",7793,C    ,ENRIC GRANADOS,8,,8172,Sant Cugat del Vallès,,,936 741 656,info@terradolca.cat,17/04/2014 20:00:00,,Altres,1,
1547,Presentació de llibre.  Llegat rebel ,"<p>De Llu&iacute,s Calvo. Presentaci&oacute, a c&agrave,rrec de Joan Tres.</p> ",7793,C    ,ENRIC GRANADOS,8,,8172,Sant Cugat del Vallès,,,936 741 656,info@terradolca.cat,15/05/2014 19:30:00,,Altres,1,
1548,Concert amb Pau Alabajos,,7793,C    ,ENRIC GRANADOS,8,,8172,Sant Cugat del Vallès,,,936 741 656,info@terradolca.cat,12/04/2014 22:00:00,,Música,1,5
1552,"Deixeu parlar els capitells..., ells ho saben tot!","<p>Una visita teatralitzada per con&egrave,ixer, de la m&agrave, dels seus protagonistes, tota la hist&ograve,ria que s&rsquo,amaga darrere dels capitells<br /> Amb Mira-sol Teatre. A partir dels 5 anys<br /> <strong>Informaci&oacute, i reserves</strong",1441,PL   ,OM,1,,8173,Sant Cugat del Vallès,,,936 759 951,museu@santcugat.cat,05/04/2014 12:00:00,,Rutes i visites,1,2
1553,"Oració, treball i poder","<p>Visita guiada a l&rsquo,exposici&oacute, permanent<br /> <strong>Informaci&oacute, i reserves</strong> al 93 589 63 66 (de dilluns a divendres de 9 a 14h) o a educaciomuseu@santcugat.cat</p> ",1441,PL   ,OM,1,,8173,Sant Cugat del Vallès,,,936 759 951,museu@santcugat.cat,06/04/2014 12:00:00,,Rutes i visites,1,2
1555,L art tèxtil contemporani i l Escola Catalana de Tapís,"<p>Visita guiada a l&rsquo,exposici&oacute, permanent de tapissos<br /> <strong>Informaci&oacute, i reserves</strong> al 93 589 63 66 (de dilluns a divendres de 9 a 14h) o a educaciomuseu@santcugat.cat</p> ",4184,C    ,VILLA,68,,8173,Sant Cugat del Vallès,,,936 759 951,museu@santcugat.cat,13/04/2014 12:00:00,,Rutes i visites,1,2
1559,De dracs i altres animals fantàstics (Especial Sant Jordi),"<p>A partir dels 5 anys. Activitat de descoberta de la iconografia del Claustre del Monestir a partir dels capitells.<br /> <strong>Informaci&oacute, i reserves</strong> abans del 10 d&#39,abril al 93 589 63 66 (de dilluns a divendres de 9 a 14h) o a edu",1441,PL   ,OM,1,,8173,Sant Cugat del Vallès,,,936 759 951,museu@santcugat.cat,12/04/2014 11:30:00,,Infantils,1,2
1567,19 edició de la Biennal d Art Contemporani Català,"<p><strong>Inauguraci&oacute, d&#39,exposici&oacute, el 2 d&#39,abril a les 19 h</strong><br /> Aquesta mostra es va iniciar l&#39,any 1977 motivada pel Congr&eacute,s de Cultura Catalana. Resumeix l&#39,art jove catal&agrave, nascut en democr&agrave,cia",4184,C    ,VILLA,68,,8173,Sant Cugat del Vallès,,,936 759 951,museu@santcugat.cat,02/04/2014 16:00:00,,Exposicions,1,
1575,Concert. Estopa,"<p><strong>Concert extraordinari &quot,Estopa a solas&quot,.</strong><br /> <strong>Preu: </strong>32 i 42&euro,.<br /> Els germans David i Jos&eacute, Mu&ntilde,oz, m&eacute,s coneguts com Estopa, han decidit apropar-se al seu p&uacute,blic amb una pro",1439,PL   ,VICTORIA DELS ANGELS,1,,8172,Sant Cugat del Vallès,,,935 907 690 ,,04/06/2014 21:00:00,,Música,1,
1576,Jornada de portes obertes a l escola bressol municipal Montserrat,"<p>Primera de les tres jornades de portes obertes al centre per a la preinscripci&oacute, 2014-2015: <strong>dos grups</strong>, a les <strong>10 i</strong> a les <strong>11.30 h</strong>.</p>  <p>Les<strong> altres dues jornades</strong> es faran els d",16386,C    ,ABAT BIURE,29,,8173,Sant Cugat del Vallès,,,936 740 064,a8072863@xtec.cat,29/03/2014 10:00:00,,Altres,1,
1577,Jornada de portes obertes a l escola bressol municipal Cavall Fort,"<p>Primera de les tres jornades de portes obertes al centre per a la preinscripci&oacute, 2014-2015: <strong>dos grups</strong>, a les <strong>10 i</strong> a les <strong>11.30 h</strong>.</p>  <p>Les<strong> altres dues jornades</strong> es faran el di",903,C    ,JOAN MARAGALL,25,,8173,Sant Cugat del Vallès,,,935 836 797,a8062882@xtec.cat,29/03/2014 10:00:00,,Altres,1,
1578,Jornada de portes obertes a l escola bressol municipal Gargot,"<p>Primera de les tres jornades de portes obertes al centre per a la preinscripci&oacute, 2014-2015: <strong>dos grups</strong>, a les <strong>10 i</strong> a les <strong>11.30 h</strong>.</p>  <p>Les<strong> altres dues jornades</strong> es faran el di",1515,C    ,MINA,85,,8173,Sant Cugat,,,936 749 450,a8045732@xtec.cat,05/04/2014 10:00:00,,Altres,1,
1579,Jornada de portes obertes a l escola bressol municipal La Mimosa,"<p>Primera de les tres jornades de portes obertes al centre per a la preinscripci&oacute, 2014-2015: <strong>dos grups</strong>, a les <strong>10 i</strong> a les <strong>11.30 h</strong>.</p>  <p>Les<strong> altres dues jornades</strong> es faran els d",1517,C    ,GINJOLER,10,,8198,Sant Cugat del Vallès,,,936 748 982,a8045720@xtec.cat,05/04/2014 10:00:00,,Altres,1,
1580,Jornada de portes obertes a l escola bressol municipal Tricicle,"<p>Primera de les tres jornades de portes obertes al centre per a la preinscripci&oacute, 2014-2015: <strong>dos grups</strong>, a les <strong>10 i</strong> a les <strong>11.30 h</strong>.</p>  <p>Les<strong> altres dues jornades</strong> es faran els d",902,C    ,ROVELLAT,41,,8173,Sant Cugat del Vallès,,,935 836 798,a8062894@xtec.cat,26/04/2014 10:00:00,,Altres,1,
1581,Jornada de portes obertes a l escola bressol municipal El Niu,"<p>Primera de les tres jornades de portes obertes al centre per a la preinscripci&oacute, 2014-2015: <strong>dos grups</strong>, a les <strong>10 i</strong> a les <strong>11.30 h</strong>.</p>  <p>Les<strong> altres dues jornades</strong> es faran els d",901,C    ,MERCAT,2,,8195,Sant Cugat del Vallès,,,936 744 496,a8045719@xtec.cat,26/04/2014 10:00:00,,Altres,1,
1583,Jornada de portes obertes a l escola bressol municipal El Molí,"<p>Primera de les dues jornades de portes obertes al centre per a la preinscripci&oacute, 2014-2015, de&nbsp,<strong>10 a</strong> <strong>12 h</strong>.</p>  <p>L&#39,<strong>altra</strong> <strong>jornada</strong> es far&agrave, el dimecres <strong>30",9565,C    ,MOLI DE LES PLANES,1,,8196,Sant Cugat del Vallès,,,935 657 096,escoletaelmoli@doblevia.coop,05/04/2014 10:00:00,,Altres,1,
1584,Jornada de portes obertes a l escola bressol municipal Valldoreix,"<p>Primera de les quatre jornades de portes obertes al centre per a la preinscripci&oacute, 2014-2015, de <strong>17.15 a 19.15</strong><strong> h</strong>.</p>  <p>Les<strong> altres tres jornades</strong> es faran els dies <strong>9 d&#39,abril </stro",1516,C    ,BROLLADOR,7,,8197,Sant Cugat del Vallès,,,935 892 486,escolabressol@valldoreix.cat,01/04/2014 17:15:00,,Altres,1,
1588,Curs.  Gestión de lo Imperfekto ,"<p><strong>Preu:</strong> 90&euro,, 45&euro, socis SC Trade Center. Inclou: Manuals, test i refrigeri. Amb Miriam Dom&iacute,nguez.<br /> <strong>M&eacute,s informaci&oacute, a</strong> <a class= nova_finestra  href= http://www.sctradecenter.es/web/actua",2574,AV   ,CORTS CATALANES,5,,8172,Sant Cugat del Vallès,,,935 528 500,,10/04/2014 9:30:00,,Cursos i tallers,1,90
1592,Jornada de portes obertes a l escola bressol municipal Valldoreix,"<p>Segona de les quatre jornades de portes obertes al centre per a la preinscripci&oacute, 2014-2015, de <strong>10 a 13 </strong><strong>h</strong> amb <strong>hores concertades</strong>.</p>  <p>Les<strong> dues jornades</strong> seg&uuml,ents es fara",1516,C    ,BROLLADOR,7,,8197,Sant Cugat del Vallès,,,935 892 486,escolabressol@valldoreix.cat,09/04/2014 10:00:00,,Altres,1,
1593,Jornada de portes obertes a l escola bressol municipal Valldoreix,"<p>Tercera de les quatre jornades de portes obertes al centre per a la preinscripci&oacute, 2014-2015, de <strong>10 a 13 </strong><strong>h</strong> amb hores concertades.</p>  <p>La quarta i <strong>&uacute,ltima</strong> <strong>jornada</strong> es f",1516,C    ,BROLLADOR,7,,8197,Sant Cugat del Vallès,,,935 892 486,escolabressol@valldoreix.cat,24/04/2014 10:00:00,,Altres,1,
1594,Jornada de portes obertes a l escola bressol municipal Valldoreix,"<p>Quarta i &uacute,ltima jornada de portes obertes al centre per a la preinscripci&oacute, 2014-2015, de <strong>17.15 a 19.15 </strong><strong>h</strong>.</p> ",1516,C    ,BROLLADOR,7,,8197,Sant Cugat del Vallès,,,935 892 486,escolabressol@valldoreix.cat,30/04/2014 17:15:00,,Altres,1,
1595,Jornada de portes obertes a l escola bressol municipal El Molí,"<p>Segona i &uacute,ltima jornada de portes obertes al centre per a la preinscripci&oacute, 2014-2015, de <strong>17.30 a 19.30 </strong><strong>h</strong>.</p> ",9565,C    ,MOLI DE LES PLANES,1,,8196,Sant Cugat del Vallès,,,935 657 096,escoletaelmoli@doblevia.coop,30/04/2014 17:30:00,,Altres,1,
1596,Jornada de portes obertes a l escola bressol municipal Gargot,"<p>Segona de les tres jornades de portes obertes al centre per a la preinscripci&oacute, 2014-2015, de <strong>10 a 12 </strong><strong>h</strong>.</p>  <p>La tercera i <strong>&uacute,ltima</strong> <strong>jornada</strong> es far&agrave, el dilluns <s",1515,C    ,MINA,85,,8173,Sant Cugat,,,936 749 450,a8045732@xtec.cat,25/04/2014 10:00:00,,Altres,1,
1597,Jornada de portes obertes a l escola bressol municipal Cavall Fort,"<p>Segona de les tres jornades de portes obertes al centre per a la preinscripci&oacute, 2014-2015, de <strong>10 a 12 </strong><strong>h</strong>.</p>  <p>La tercera i <strong>&uacute,ltima</strong> <strong>jornada</strong> es far&agrave, el dilluns <s",903,C    ,JOAN MARAGALL,25,,8173,Sant Cugat del Vallès,,,935 836 797,a8062882@xtec.cat,25/04/2014 10:00:00,,Altres,1,
1598,Jornada de portes obertes a l escola bressol municipal Tricicle,"<p>Segona de les tres jornades de portes obertes al centre per a la preinscripci&oacute, 2014-2015, de <strong>10 a 12 </strong><strong>h</strong>.</p>  <p>La tercera i <strong>&uacute,ltima</strong> <strong>jornada</strong> es far&agrave, el dimarts <s",902,C    ,ROVELLAT,41,,8173,Sant Cugat del Vallès,,,935 836 798,a8062894@xtec.cat,29/04/2014 10:00:00,,Altres,1,
1599,Jornada de portes obertes a l escola bressol municipal El Niu,"<p>Segona de les tres jornades de portes obertes al centre per a la preinscripci&oacute, 2014-2015, de <strong>10 a 12 </strong><strong>h</strong>.</p>  <p>La tercera i <strong>&uacute,ltima</strong> <strong>jornada</strong> es far&agrave, el dimarts <s",901,C    ,MERCAT,2,,8195,Sant Cugat del Vallès,,,936 744 496,a8045719@xtec.cat,29/04/2014 10:00:00,,Altres,1,
1600,Jornada de portes obertes a l escola bressol Montserrat,"<p>Segona de les tres jornades de portes obertes al centre per a la preinscripci&oacute, 2014-2015, de <strong>10 a 12 </strong><strong>h</strong>.</p>  <p>La tercera i <strong>&uacute,ltima</strong> <strong>jornada</strong> es far&agrave, el dimecres <",16386,C    ,ABAT BIURE,29,,8173,Sant Cugat del Vallès,,,936 740 064,a8072863@xtec.cat,30/04/2014 10:00:00,,Altres,1,
1601,Jornada de portes obertes a l escola bressol municipal La Mimosa,"<p>Segona de les tres jornades de portes obertes al centre per a la preinscripci&oacute, 2014-2015, de <strong>10 a 12 </strong><strong>h</strong>.</p>  <p>La tercera i <strong>&uacute,ltima</strong> <strong>jornada</strong> es far&agrave, el dimecres <",1517,C    ,GINJOLER,10,,8198,Sant Cugat del Vallès,,,936 748 982,a8045720@xtec.cat,30/04/2014 10:00:00,,Altres,1,
1602,Jornada de portes obertes a l escola bressol municipal Gargot,"<p>Tercera i &uacute,ltima jornada de portes obertes al centre per a la preinscripci&oacute, 2014-2015, de <strong>10 a 12 </strong><strong>h</strong>.</p> ",1515,C    ,MINA,85,,8173,Sant Cugat,,,936 749 450,a8045732@xtec.cat,05/05/2014 10:00:00,,Altres,1,
1603,Jornada de portes obertes a l escola bressol municipal Cavall Fort,"<p>Tercera i &uacute,ltima jornada de portes obertes al centre per a la preinscripci&oacute, 2014-2015, de <strong>10 a 12 </strong><strong>h</strong>.</p> ",903,C    ,JOAN MARAGALL,25,,8173,Sant Cugat del Vallès,,,935 836 797,a8062882@xtec.cat,05/05/2014 10:00:00,,Altres,1,
1605,Jornada de portes obertes a l escola bressol municipal Tricicle,"<p>Tercera i &uacute,ltima jornada de portes obertes al centre per a la preinscripci&oacute, 2014-2015, de <strong>10 a 12 </strong><strong>h</strong>.</p> ",902,C    ,ROVELLAT,41,,8173,Sant Cugat del Vallès,,,935 836 798,a8062894@xtec.cat,06/05/2014 10:00:00,,Altres,1,
1606,Jornada de portes obertes a l escola bressol municipal El Niu,"<p>Tercera i &uacute,ltima jornada de portes obertes al centre per a la preinscripci&oacute, 2014-2015, de <strong>10 a 12 </strong><strong>h</strong>.</p> ",901,C    ,MERCAT,2,,8195,Sant Cugat del Vallès,,,936 744 496,a8045719@xtec.cat,06/05/2014 10:00:00,,Altres,1,
1607,Jornada de portes obertes a l escola bressol Montserrat,"<p>Tercera i &uacute,ltima jornada de portes obertes al centre per a la preinscripci&oacute, 2014-2015, de <strong>10 a 12 </strong><strong>h</strong>.</p> ",16386,C    ,ABAT BIURE,29,,8173,Sant Cugat del Vallès,,,936 740 064,a8072863@xtec.cat,07/05/2014 10:00:00,,Altres,1,
1608,Jornada de portes obertes a l escola bressol municipal La Mimosa,"<p>Tercera i &uacute,ltima jornada de portes obertes al centre per a la preinscripci&oacute, 2014-2015, de <strong>10 a 12 </strong><strong>h</strong>.</p> ",1517,C    ,GINJOLER,10,,8198,Sant Cugat del Vallès,,,936 748 982,a8045720@xtec.cat,07/05/2014 10:00:00,,Altres,1,
1618,Taller creatiu. Fem titelles i fem teatre,"<p><strong>Imparteix: Metrom&agrave,tic. De 4 a 12 anys.</strong><br /> Construirem titelles i les provarem convertint-nos en titellaires i creant les nostres hist&ograve,ries. Taller condu&iuml,t per titellaires i artistes pl&agrave,stics.<br /> <stron",1462,AV   ,ROQUETES,,(al costat rotonda de l Av. Cerdanyola),8173,Sant Cugat del Vallès,,,,,26/04/2014 11:00:00,,Cursos i tallers,1,
1619,Taller creatiu. Construïm un conte de 4 pàgines,"<p><strong>De 4 a 12 anys. </strong>Art de 4 us convida a crear un conte art&iacute,stic a partir d&#39,elements reciclats. Vine amb nosaltres i forma part del conte!<br /> <strong>Inscripci&oacute, a</strong> l&#39,<a class= nova_finestra  href= http://",1462,AV   ,ROQUETES,,(al costat rotonda de l Av. Cerdanyola),8173,Sant Cugat del Vallès,,,,,17/05/2014 11:00:00,,Cursos i tallers,1,
1621,7è concert  Música per a la solidaritat . Rotary Club Sant Cugat,"<p><strong>Concert ben&egrave,fic organitzat anualment pel Rotary Club Sant Cugat.</strong> Recaptaci&oacute, destinada a la Creu Roja de Sant Cugat-Rub&iacute,-Castellbisbal per la lluita contra la pobresa i l&#39,exclusi&oacute, social.<br /> <strong>A",1439,PL   ,VICTORIA DELS ANGELS,1,,8172,Sant Cugat del Vallès,,,935 907 690 ,,30/03/2014 19:00:00,,Música,1,15
1627,Teatre.  El dubte ,"<p>Obra de teatre de <strong>John Patrick Shanley</strong>. Adaptaci&oacute, de <strong>N&uacute,ria Pradas</strong>. Interpretaci&oacute, a c&agrave,rrec de la <strong>companyia L&#39,Ull de Bou</strong> de Sant Esteve de Sesrovires. Tercera representaci",2841,C    ,SANT ALBERT,6,,8197,Sant Cugat del Vallès,,,935 898 269,,06/04/2014 19:00:00,,Teatre i dansa,1,6
1634,Concert. Chris Thile & Brad Mehldau,"<p><strong>Concert del Voll-Damm Festival Internacional de Jazz de Barcelona</strong><br /> <strong>Preu: 40&euro,<br /> Preu especial: 30&euro, del 14 de mar&ccedil, al 31 de mar&ccedil, al</strong> <a class= nova_finestra  href= http://www.tasantcugat",1439,PL   ,VICTORIA DELS ANGELS,1,,8172,Sant Cugat del Vallès,,,935 907 690 ,,08/11/2014 21:00:00,,Música,1,40
1645,Grup d esperanto,"<p><strong>Activitat gratu&iuml,ta. </strong>Tots els dimarts. Comunicaci&oacute, sense fronteres: ensenyament i difusi&oacute, de la llengua esperanto.<br /> Difondre els valors i objectius de l&#39,ideari esperantista: respecte als drets humans i a la ",9114,PL   ,COLL,4,,8172,Sant Cugat del Vallès,,,936 030 529 ,,01/04/2014 18:00:00,,Cursos i tallers,1,
1646,Grup d esperanto,"<p><strong>Activitat gratu&iuml,ta. </strong>Tots els dimarts. Comunicaci&oacute, sense fronteres: ensenyament i difusi&oacute, de la llengua esperanto.<br /> Difondre els valors i objectius de l&#39,ideari esperantista: respecte als drets humans i a la ",9114,PL   ,COLL,4,,8172,Sant Cugat del Vallès,,,936 030 529 ,,08/04/2014 18:00:00,,Cursos i tallers,1,
1647,"Xerrada.  Democràcia i política , a càrrec de Teresa Forcades","<p>A c&agrave,rrec de la monja benedictina Teresa Forcades, cofundadora del Proc&eacute,s Constituent.</p> ",2875,AV   ,PLA DEL VINYET,81,,8172,Sant Cugat del Vallès,,,935 441 965,secretaria-torreblanca@santcugat.cat,03/04/2014 19:30:00,,Conferències i jornades,1,
1652,Tombs en carruatge per Collserola,"<p><strong>Preu:</strong> A partir de 5&euro, per persona, segons durada del tomb i nombre de participants.<br /> Viu una experi&egrave,ncia aut&egrave,ntica fent un tomb per l&#39,entorn natural del Parc de Collserola en un carruatge tradicional tirat p",2820,AV   ,CORTS CATALANES,,,8173,Sant Cugat  del Vallès     ,,,935 531 183,secretaria.cancaldes@sctradecenter.es,27/04/2014 10:30:00,,Rutes i visites,1,
1653,Tombs en carruatge per Collserola,"<p><strong>Preu:</strong> A partir de 5&euro, per persona, segons durada del tomb i nombre de participants.<br /> Viu una experi&egrave,ncia aut&egrave,ntica fent un tomb per l&#39,entorn natural del Parc de Collserola en un carruatge tradicional tirat p",2820,AV   ,CORTS CATALANES,,,8173,Sant Cugat  del Vallès     ,,,935 531 183,secretaria.cancaldes@sctradecenter.es,30/03/2014 10:30:00,,Rutes i visites,1,
1654,Presentació del llibre  Sí-Sí o Sí-No. Sanchis versus Sardà ,"<p>Entrada lliure. D&#39,&Agrave,strid Bierge. Amb pres&egrave,ncia de l&#39,autora, Vicent Sanchis i Xavier Sard&agrave,.</p> ",1441,PL   ,OM,1,,8173,Sant Cugat del Vallès,,,936 759 951,museu@santcugat.cat,02/04/2014 19:30:00,,Altres,1,
1655,Tombs en carruatge per Collserola,"<p><strong>Preu:</strong> A partir de 5&euro, per persona, segons durada del tomb i nombre de participants.<br /> Viu una experi&egrave,ncia aut&egrave,ntica fent un tomb per l&#39,entorn natural del Parc de Collserola en un carruatge tradicional tirat p",2820,AV   ,CORTS CATALANES,,,8173,Sant Cugat  del Vallès     ,,,935 531 183,secretaria.cancaldes@sctradecenter.es,11/05/2014 10:30:00,,Rutes i visites,1,
1656,Tombs en carruatge per Collserola,"<p><strong>Preu:</strong> A partir de 5&euro, per persona, segons durada del tomb i nombre de participants.<br /> Viu una experi&egrave,ncia aut&egrave,ntica fent un tomb per l&#39,entorn natural del Parc de Collserola en un carruatge tradicional tirat p",2820,AV   ,CORTS CATALANES,,,8173,Sant Cugat  del Vallès     ,,,935 531 183,secretaria.cancaldes@sctradecenter.es,13/04/2014 10:30:00,,Rutes i visites,1,
1657,Tombs en carruatge per Collserola,"<p><strong>Preu:</strong> A partir de 5&euro, per persona, segons durada del tomb i nombre de participants.<br /> Viu una experi&egrave,ncia aut&egrave,ntica fent un tomb per l&#39,entorn natural del Parc de Collserola en un carruatge tradicional tirat p",2820,AV   ,CORTS CATALANES,,,8173,Sant Cugat  del Vallès     ,,,935 531 183,secretaria.cancaldes@sctradecenter.es,04/05/2014 10:30:00,,Rutes i visites,1,
1658,Tombs en carruatge per Collserola,"<p><strong>Preu:</strong> A partir de 5&euro, per persona, segons durada del tomb i nombre de participants.<br /> Viu una experi&egrave,ncia aut&egrave,ntica fent un tomb per l&#39,entorn natural del Parc de Collserola en un carruatge tradicional tirat p",2820,AV   ,CORTS CATALANES,,,8173,Sant Cugat  del Vallès     ,,,935 531 183,secretaria.cancaldes@sctradecenter.es,20/04/2014 10:30:00,,Rutes i visites,1,
1659,Jornada de formació professional,"<p>Primera de les dues Jornades de formaci&oacute, professional per donar a con&egrave,ixer l&#39,oferta formativa als centres de Sant Cugat.</p>  <h3>Dilluns 7 &middot, Xerrada i 1a Taula</h3>  <ul> <li>17.30 h: Benvinguda</li> <li>17.40 h: Xerra",1435,C    ,CASTELLVI,8,(Jardins del Monestir),8173,Sant Cugat del Vallès,,,935 891 382,casadecultura@santcugat.cat,07/04/2014 17:30:00,,Altres,1,
1660,"Oració, treball i poder","<p>Visita guiada a l&rsquo,exposici&oacute, permanent<br /> <strong>Informaci&oacute, i reserves</strong> al 93 589 63 66 (de dilluns a divendres de 9 a 14h) o a educaciomuseu@santcugat.cat</p> ",1441,PL   ,OM,1,,8173,Sant Cugat del Vallès,,,936 759 951,museu@santcugat.cat,04/05/2014 12:00:00,,Rutes i visites,1,2
1661,"Oració, treball i poder","<p>Visita guiada a l&rsquo,exposici&oacute, permanent<br /> <strong>Informaci&oacute, i reserves</strong> al 93 589 63 66 (de dilluns a divendres de 9 a 14h) o a educaciomuseu@santcugat.cat</p> ",1441,PL   ,OM,1,,8173,Sant Cugat del Vallès,,,936 759 951,museu@santcugat.cat,01/06/2014 12:00:00,,Rutes i visites,1,2
1664,Jornada de formació professional,"<p>Segona i &uacute,ltima Jornada de formaci&oacute, professional per donar a con&egrave,ixer l&#39,oferta formativa als centres de Sant Cugat.</p>  <h3>Dimarts 8 d&rsquo,abril &middot, 2a Taula</h3>  <ul> <li>18 h: <strong>Presentaci&oacute, oferta",1435,C    ,CASTELLVI,8,(Jardins del Monestir),8173,Sant Cugat del Vallès,,,935 891 382,casadecultura@santcugat.cat,08/04/2014 18:00:00,,Altres,1,
1668,"Deixeu parlar els capitells..., ells ho saben tot!","<p>Una visita teatralitzada per con&egrave,ixer, de la m&agrave, dels seus protagonistes, tota la hist&ograve,ria que s&rsquo,amaga darrere dels capitells<br /> Amb Mira-sol Teatre. A partir dels 5 anys<br /> <strong>Informaci&oacute, i reserves</strong",1441,PL   ,OM,1,,8173,Sant Cugat del Vallès,,,936 759 951,museu@santcugat.cat,03/05/2014 12:00:00,,Rutes i visites,1,2
1669,"Deixeu parlar els capitells..., ells ho saben tot!","<p>Una visita teatralitzada per con&egrave,ixer, de la m&agrave, dels seus protagonistes, tota la hist&ograve,ria que s&rsquo,amaga darrere dels capitells<br /> Amb Mira-sol Teatre. A partir dels 5 anys<br /> <strong>Informaci&oacute, i reserves</strong",1441,PL   ,OM,1,,8173,Sant Cugat del Vallès,,,936 759 951,museu@santcugat.cat,07/06/2014 12:00:00,,Rutes i visites,1,2
1671,Scriptorium per a tothom,"<p>A partir dels 5 anys. Taller d&#39,escriptura medieval per a petits i grans. <strong>Informaci&oacute, i reserves </strong>al 93 589 63 66 (de dilluns a divendres de 9 a 14h) o a educaciomuseu@santcugat.cat<br /> Del programa d&#39,activitats &quot,Di",1441,PL   ,OM,1,,8173,Sant Cugat del Vallès,,,936 759 951,museu@santcugat.cat,14/06/2014 11:30:00,,Cursos i tallers,1,2
1674,Creacions amb Foamy i més,"<p><strong>Activitat gratu&iuml,ta. </strong>Del programa &quot,Els dissabtes infantils&quot,.</p> ",5297,C    ,TORRE,6,,8172,Sant Cugat del Vallès,,,931 173 863,santcugat@abacus.coop,29/03/2014 12:00:00,,Infantils,1,
1676,Jornada.  Educació emocional i literatura infantil. Com treballar les emocions a través dels millors contes ,"<p><strong>Preu: </strong>50&euro,. Grups: 40&euro, (4 o m&eacute,s persones).<br /> <strong>Jornada vivencial</strong> impartida per Ver&oacute,nica Bronstein, Laura Bendesky, Ana Bel&eacute,n Jarillo i Anna Llenas. Es lliurar&agrave, certificat d&#39,a",1435,C    ,CASTELLVI,8,(Jardins del Monestir),8173,Sant Cugat del Vallès,,,935 891 382,casadecultura@santcugat.cat,29/03/2014 10:00:00,,Conferències i jornades,1,50
1677,Art en família,"<p><strong>Entrada lliure.</strong><br /> Visita guiada per l&#39,exposici&oacute, <strong>&quot,Drawing Stories&quot,</strong>, una original exposici&oacute, interactiva d&#39,il&middot,lustraci&oacute, infantil contempor&agrave,nia. Despr&eacute,s de l",955,C    ,BALMES,35,,8172,Sant Cugat del Vallès,,,935 906 086,info@poudart.com,29/03/2014 17:30:00,,Altres,1,
1697,Tertúlia amb amics. Laura Borràs,"<p><strong>Preu del tiquet-berenar:</strong> 7&euro, (4&euro, socis d&#39,Amics de Pedra i Sang).<br /> <strong>Tert&uacute,lia: &quot,Literatura i valors&quot,, amb Laura Borr&agrave,s</strong>, directora de la Instituci&oacute, de les Lletres Catalanes",2666,PL   ,OCTAVIA,5,,8172,Sant Cugat del Vallès,,,936 745 228,elmeson@yahoo.es,14/04/2014 19:30:00,,Conferències i jornades,1,7
1698,Tertúlia amb amics. Santi Vidal,"<p><strong>Preu del tiquet-berenar:</strong> 7&euro, (4&euro, socis d&#39,Amics de Pedra i Sang).<br /> <strong>Tert&uacute,lia: &quot,La futura just&iacute,cia en el nou Estat&quot,, amb Santi Vidal,</strong> jutge.<br /> <strong>Aforament limitat.</st",2666,PL   ,OCTAVIA,5,,8172,Sant Cugat del Vallès,,,936 745 228,elmeson@yahoo.es,15/05/2014 19:30:00,,Conferències i jornades,1,7
1699,Tertúlia amb amics. Salvador Cardús,"<p><strong>Preu del tiquet-berenar:</strong> 7&euro, (4&euro, socis d&#39,Amics de Pedra i Sang).<br /> <strong>Tert&uacute,lia: &quot,El pa&iacute,s que farem&quot,, amb Salvador Card&uacute,s</strong>, soci&ograve,leg, membre del Consell per la Transic",2666,PL   ,OCTAVIA,5,,8172,Sant Cugat del Vallès,,,936 745 228,elmeson@yahoo.es,26/05/2014 19:30:00,,Conferències i jornades,1,7
1700,Tertúlia amb amics. Mònica Terribas,"<p><strong>Preu del tiquet-berenar:</strong> 7&euro, (4&euro, socis d&#39,Amics de Pedra i Sang).<br /> <strong>Tert&uacute,lia: &quot,Els mitjans de comunicaci&oacute, han perdut la connexi&oacute, amb la societat civil?&quot,, amb M&ograve,nica Terriba",2666,PL   ,OCTAVIA,5,,8172,Sant Cugat del Vallès,,,936 745 228,elmeson@yahoo.es,19/06/2014 19:30:00,,Conferències i jornades,1,7
1701,"Marta, la Dona","<p><strong>Horaris:</strong> 11:45 i 13:15 h.<br /> Recital de poemes de Miquel Mart&iacute, i Pol i de Joan S. Al&oacute,s amb<br /> acompanyament de piano.<br /> A c&agrave,rrec de <strong>Galeria de Poetes</strong>.</p> ",1435,C    ,CASTELLVI,8,(Jardins del Monestir),8173,Sant Cugat del Vallès,,,935 891 382,casadecultura@santcugat.cat,29/03/2014 11:45:00,,Altres,1,
1712,Balls del diumenge,"<p>Preu: parella de socis 10&euro,, parella general 15&euro,. Entrades individuals meitat de preu. Amb l&#39,actuaci&oacute, del grup Zenit. A l&#39,intermedi et donarem de berenar.</p> ",1436,AV   ,JOSEP ANSELM CLAVE,17,,8172,Sant Cugat del Vallès,,,936 752 057,info@teatrelaunio.cat,06/04/2014 18:30:00,,Altres,1,
1713,Balls del diumenge,"<p>Preu: parella de socis 10&euro,, parella general 15&euro,. Entrades individuals meitat de preu. Amb l&#39,actuaci&oacute, del grup Maky Maky. A l&#39,intermedi et donarem de berenar.</p> ",1436,AV   ,JOSEP ANSELM CLAVE,17,,8172,Sant Cugat del Vallès,,,936 752 057,info@teatrelaunio.cat,13/04/2014 18:30:00,,Altres,1,
1714,Balls del diumenge,"<p>Preu: parella de socis 10&euro,, parella general 15&euro,. Entrades individuals meitat de preu. Amb l&#39,actuaci&oacute, del grup Pako. A l&#39,intermedi et donarem de berenar.</p> ",1436,AV   ,JOSEP ANSELM CLAVE,17,,8172,Sant Cugat del Vallès,,,936 752 057,info@teatrelaunio.cat,20/04/2014 18:30:00,,Altres,1,
1715,Balls del diumenge,"<p>Preu: parella de socis 10&euro,, parella general 15&euro,. Entrades individuals meitat de preu. Amb l&#39,actuaci&oacute, del grup David de Vic. A l&#39,intermedi et donarem de berenar.</p> ",1436,AV   ,JOSEP ANSELM CLAVE,17,,8172,Sant Cugat del Vallès,,,936 752 057,info@teatrelaunio.cat,27/04/2014 18:30:00,,Altres,1,
1716,DesfilArt,"<p><strong>Entrada gratu&iuml,ta. Inscripcions a</strong>: <a class= nova_finestra  href= http://www.asemenco.org/desfilart  target= _blank >DesfilArt</a><br /> Una forma fresca i diferent de viure la moda. Gaudeix dels nostres estands dedicats a la moda",1459,C    ,CESAR MARTINELL,2,,8172,Sant Cugat del Vallès,,,935 442 670,info@hotel-santcugat.com,05/04/2014 16:30:00,,Altres,1,
1724,L art tèxtil contemporani i l Escola Catalana de Tapís,"<p>Visita guiada a l&rsquo,exposici&oacute, permanent de tapissos<br /> <strong>Informaci&oacute, i reserves</strong> al 93 589 63 66 (de dilluns a divendres de 9 a 14h) o a educaciomuseu@santcugat.cat</p> ",4184,C    ,VILLA,68,,8173,Sant Cugat del Vallès,,,936 759 951,museu@santcugat.cat,11/05/2014 12:00:00,,Rutes i visites,1,2
1725,L art tèxtil contemporani i l Escola Catalana de Tapís,"<p>Visita guiada a l&rsquo,exposici&oacute, permanent de tapissos<br /> <strong>Informaci&oacute, i reserves</strong> al 93 589 63 66 (de dilluns a divendres de 9 a 14h) o a educaciomuseu@santcugat.cat</p> ",4184,C    ,VILLA,68,,8173,Sant Cugat del Vallès,,,936 759 951,museu@santcugat.cat,08/06/2014 12:00:00,,Rutes i visites,1,2
1726,Grup d esperanto,"<p><strong>Activitat gratu&iuml,ta. </strong>Tots els dimarts. Comunicaci&oacute, sense fronteres: ensenyament i difusi&oacute, de la llengua esperanto.<br /> Difondre els valors i objectius de l&#39,ideari esperantista: respecte als drets humans i a la ",9114,PL   ,COLL,4,,8172,Sant Cugat del Vallès,,,936 030 529 ,,22/04/2014 18:00:00,,Altres,1,
1727,Grup d esperanto,"<p><strong>Activitat gratu&iuml,ta. </strong>Tots els dimarts. Comunicaci&oacute, sense fronteres: ensenyament i difusi&oacute, de la llengua esperanto.<br /> Difondre els valors i objectius de l&#39,ideari esperantista: respecte als drets humans i a la ",9114,PL   ,COLL,4,,8172,Sant Cugat del Vallès,,,936 030 529 ,,29/04/2014 18:00:00,,Altres,1,
1729,Espectacle familiar.  Pilooota ,<p>Espectacle familiar amb titelles per a nens de 0-5 anys. Entrada lliure. Cal fer reserva al tel. 93 007 10 60.</p> ,882,C    ,VALLES,51,,8173,Sant Cugat del Vallès,,,930 071 060,info@esbartsantcugat.cat,29/03/2014 11:00:00,,Altres,1,
1730,Taula rodona i debat.  Com abordar la violència masclista en espais polititzats? ,"<p>Fins a quin punt els espais alliberats poden ser un garant contra les agressions masclistes? Quins s&oacute,n els l&iacute,mits a la gesti&oacute, dels nostres espais? Quins s&oacute,n els principals obstacles que podem identificar al si dels nostres c",1435,C    ,CASTELLVI,8,(Jardins del Monestir),8173,Sant Cugat del Vallès,,,935 891 382,casadecultura@santcugat.cat,29/03/2014 18:00:00,,Conferències i jornades,1,
1731,Conferència.  Modificacions genètiques dels humans i la conquesta de l espai ,"<p>Entrada lliure. A c&agrave,rrec de Josep Santal&oacute,.</p> ",1435,C    ,CASTELLVI,8,(Jardins del Monestir),8173,Sant Cugat del Vallès,,,935 891 382,casadecultura@santcugat.cat,10/04/2014 20:00:00,,Conferències i jornades,1,
1732,Conferència.  Passat i present del cervell i un hipotètic futur en un altre ambient: l espai ,"<p>Entrada lliure. A c&agrave,rrec de Dom&egrave,nec Gil.</p> ",1435,C    ,CASTELLVI,8,(Jardins del Monestir),8173,Sant Cugat del Vallès,,,935 891 382,casadecultura@santcugat.cat,24/04/2014 20:00:00,,Conferències i jornades,1,
1733,Reunió Toastmasters,"<p>Vols millorar els teus dots comunicatius? A Toastmasters aprenem dots de comunicaci&oacute, i de lideratge. Vine a con&egrave,ixer-nos en una reuni&oacute, gratu&iuml,ta.<br /> <strong>M&eacute,s informaci&oacute, a</strong>: <a class= nova_finestra  ",1435,C    ,CASTELLVI,8,(Jardins del Monestir),8173,Sant Cugat del Vallès,,,935 891 382,casadecultura@santcugat.cat,28/04/2014 20:00:00,,Altres,1,
1734,Reunió Toastmasters,"<p>Vols millorar els teus dots comunicatius? A Toastmasters aprenem dots de comunicaci&oacute, i de lideratge. Vine a con&egrave,ixer-nos en una reuni&oacute, gratu&iuml,ta.<br /> <strong>M&eacute,s informaci&oacute, a</strong>: <a class= nova_finestra  ",1435,C    ,CASTELLVI,8,(Jardins del Monestir),8173,Sant Cugat del Vallès,,,935 891 382,casadecultura@santcugat.cat,12/05/2014 20:00:00,,Altres,1,
1735,Reunió Toastmasters,"<p>Vols millorar els teus dots comunicatius? A Toastmasters aprenem dots de comunicaci&oacute, i de lideratge. Vine a con&egrave,ixer-nos en una reuni&oacute, gratu&iuml,ta.<br /> <strong>M&eacute,s informaci&oacute, a</strong>: <a class= nova_finestra  ",1435,C    ,CASTELLVI,8,(Jardins del Monestir),8173,Sant Cugat del Vallès,,,935 891 382,casadecultura@santcugat.cat,26/05/2014 20:00:00,,Altres,1,
1736,Reunió Toastmasters,"<p>Vols millorar els teus dots comunicatius? A Toastmasters aprenem dots de comunicaci&oacute, i de lideratge. Vine a con&egrave,ixer-nos en una reuni&oacute, gratu&iuml,ta.<br /> <strong>M&eacute,s informaci&oacute, a</strong>: <a class= nova_finestra  ",1435,C    ,CASTELLVI,8,(Jardins del Monestir),8173,Sant Cugat del Vallès,,,935 891 382,casadecultura@santcugat.cat,09/06/2014 20:00:00,,Altres,1,
1737,Reunió Toastmasters,"<p>Vols millorar els teus dots comunicatius? A Toastmasters aprenem dots de comunicaci&oacute, i de lideratge. Vine a con&egrave,ixer-nos en una reuni&oacute, gratu&iuml,ta.<br /> <strong>M&eacute,s informaci&oacute, a</strong>: <a class= nova_finestra  ",1435,C    ,CASTELLVI,8,(Jardins del Monestir),8173,Sant Cugat del Vallès,,,935 891 382,casadecultura@santcugat.cat,23/06/2014 20:00:00,,Altres,1,
1740,Taller.  Pintar ous de Pasqua ,"<p>Vine a preparar amb nosaltres la Pasqua pintant ous.<br /> M&eacute,s informaci&oacute, a <a class= nova_finestra  href= http://www.afind-deutsch.es  target= _blank >Afind Deutsch</a></p> ",9337,C    ,BARCELONA,27,baixos,8172,Sant Cugat del Vallès,,,936 751 909,afinddeutsch@telefonica.net,08/04/2014 17:30:00,,Cursos i tallers,1,
1741,13è esmorzar col·loqui Qgat Business,"<p><strong>Tem&agrave,tica: &quot,Inspeccions fiscals vinculades a la despesa per acomiadaments de treballadors&quot,. </strong><br /> Pon&egrave,ncia a c&agrave,rrec de Javier Llorente i Pedro Bl&aacute,zquez, socis de Cuatrecasas Gon&ccedil,alves Perei",1743,AV   ,VIA AUGUSTA,51,,8174,Sant Cugat del Vallès,,,935 441 922 ,info@qgat.net,03/04/2014 8:30:00,,Conferències i jornades,1,
1742,Hora del conte.  Quin dia tan estrany! ,"<p>A c&agrave,rrec de Marc Lloan. Places limitades.</p> ",9130,PL   ,AUSIAS MARCH,2,,8195,Sant Cugat del Vallès,,,935 657 097,bibliotecamp@santcugat.cat,09/04/2014 18:00:00,,Infantils,2,
1743,Taula d escriptors santcugatencs,<p>Trobada amb els escriptors i escriptores de Sant Cugat que han publicat el darrer any.</p> ,16515,PL   ,QUATRE CANTONS,,,,Sant Cugat del Vallès,,,,,12/04/2014 11:00:00,,Altres,2,
1744,Hora del conte en anglès. Under the sea,"<p>A c&agrave,rrec de Kids &amp, Us school of english.</p> ",1442,AV   ,PLA DEL VINYET,40,,8172,Sant Cugat del Vallès,,,935 892 749 ,bibliotecagf@santcugat.cat,12/04/2014 12:00:00,,Infantils,2,
1745,Inauguració de la videoexposició  Una màquina d espavilar ocells de nit - cinematografia submergida ,"<p>De Toni Casassas i Jordi Lara.<br /> Estrena de l&#39,espectacle &quot,Els n&agrave,ufrags feli&ccedil,os&quot, amb Txell Manyoses, Carles Mart&iacute,nez i Arnau Tordera.</p> ",1435,C    ,CASTELLVI,8,(Jardins del Monestir),8173,Sant Cugat del Vallès,,,935 891 382,casadecultura@santcugat.cat,12/04/2014 19:00:00,,Altres,2,
1746,"Hora del conte. Meitat tu, meitat jo","<p>A les 11:30 i a les 13 h. A c&agrave,rrec de Cia. Marduix.</p> ",1442,AV   ,PLA DEL VINYET,40,,8172,Sant Cugat del Vallès,,,935 892 749 ,bibliotecagf@santcugat.cat,16/04/2014 11:30:00,,Infantils,2,
1747,Festa infantil de Sant Jordi de Mira-sol,<p>Lloc: Pati del Casal de Mira-sol</p> ,982,C    ,MALLORCA,42,,8195,Sant Cugat del Vallès,,,935 892 018,casalmirasol@santcugat.cat,23/04/2014 17:00:00,,Infantils,2,
1751,Contes de cinema mut:  Chomón per a la mainada ,"<p>A c&agrave,rrec de Federaci&oacute, Catalana de Cineclubs.</p> ",9130,PL   ,AUSIAS MARCH,2,,8195,Sant Cugat del Vallès,,,935 657 097,bibliotecamp@santcugat.cat,24/04/2014 18:00:00,,Infantils,2,
1752,Fira t un llibre: Llibres de segona mà,<p>Dinamitzat per les Germanes Castro.</p> ,1442,AV   ,PLA DEL VINYET,40,,8172,Sant Cugat del Vallès,,,935 892 749 ,bibliotecagf@santcugat.cat,26/04/2014 10:00:00,,Altres,2,
1753,Hora del conte. Contes i cançons per construir,"<p>A c&agrave,rrec de F&egrave,lix de Blas.</p> ",1442,AV   ,PLA DEL VINYET,40,,8172,Sant Cugat del Vallès,,,935 892 749 ,bibliotecagf@santcugat.cat,26/04/2014 12:00:00,,Infantils,2,
1754,Vesprada poètica.  Montserrat Abelló i Sylvia Plath: som verticals ,"<p>Amb Vicky Pe&ntilde,a.<br /> Acompanyament musical Mathew Simon.</p> ",1442,AV   ,PLA DEL VINYET,40,,8172,Sant Cugat del Vallès,,,935 892 749 ,bibliotecagf@santcugat.cat,28/04/2014 20:00:00,,Altres,2,
1755,Exposició bibliogràfica: El llibre dins el llibre,"<h3>Horari de la biblioteca</h3>  <p>Dimarts i dimecres, d&rsquo,11 a 14 h<br /> De dilluns a divendres, de 16 a 21<br /> Dissabtes, de 10 a 14h.</p> ",9130,PL   ,AUSIAS MARCH,2,,8195,Sant Cugat del Vallès,,,935 657 097,bibliotecamp@santcugat.cat,22/04/2014 11:00:00,,Exposicions,2,
1762,Conferència.  Música i ordre. Les formes de la música ,"<p>Entrada lliure. A c&agrave,rrec de Jaume Torres, professor d&#39,Hist&ograve,ria de la m&uacute,sica.</p> ",966,C    ,JAUME I,33,,8195,Sant Cugat del Vallès,,,935 897 788,,02/04/2014 19:00:00,,Conferències i jornades,1,
1763,Cinefòrum.  Lloga una família S.A. ,"<p><strong>Documental. </strong>Direcci&oacute,: Kaspar Astrup Schr&ouml,der. Dinamarca (2012). VO en angl&egrave,s i japon&egrave,s subtitulada en catal&agrave,. 70 minuts.<br /> Aquesta &eacute,s la hist&ograve,ria &uacute,nica i impredictible sobre el",966,C    ,JAUME I,33,,8195,Sant Cugat del Vallès,,,935 897 788,,30/04/2014 19:00:00,,Cinema,1,
1765,10a Càpsula del cicle Coneixement & Cafè,"<p><strong>Activitat gratu&iuml,ta.</strong><br /> <strong>&quot,Definir un pla comercial efectiu&quot,</strong>, amb Davide Menini.<br /> <strong>M&eacute,s informaci&oacute, a</strong> <a class= nova_finestra  href= http://www.sctradecenter.es/web/act",2574,AV   ,CORTS CATALANES,5,,8172,Sant Cugat del Vallès,,,935 528 500,,03/04/2014 9:15:00,,Conferències i jornades,1,
